{"timestamp": "2026-08-18T03:24:22.585046", "action": "FUTURES_OPEN_SHORT", "symbol": "BTC/USDT:USDT", "amount": 0.001, "price": 64384.42, "stop_loss": 65672.11, "take_profit": 61809.04, "mode": "PAPER", "reason": "ENTRY"}
2026-08-18T03:35:55.382941,BTC/USDT:USDT,futures,LONG,64348.66,0.001,5,63061.69,66922.61,N/A,OPEN_ENTRY,TRADINGVIEW_RSI_Breakout_V2,TradingView Webhook Alert,PAPER
2026-08-18T03:40:11.593677,BTC/USDT:USDT,futures,LONG,64324.01,0.007773,10,63037.53,66896.97,N/A,OPEN_ENTRY,TECHNICAL,N/A,PAPER
2026-08-18T04:52:06.707067,B-BTC_USDT,futures,LONG,64388.27,0.007765,10,63100.5,66963.8,N/A,OPEN_ENTRY,96.8,90%_MICROSTRUCTURE_FUTURES,X: @elonmusk: [elonmusk] Market sentiment looking strong for BTC... | Tech: 95.0%,PAPER
2026-08-18T04:57:52.032996,B-BTC_USDT,futures,LONG,64475.99,0.007755,10,63186.47,67055.03,N/A,OPEN_ENTRY,96.8,90%_MICROSTRUCTURE_FUTURES,X: @elonmusk: [elonmusk] Market sentiment looking strong for BTC... | Tech: 95.0%,PAPER
2026-08-18T05:05:19.956340,B-BTC_USDT,futures,LONG,64522.03,0.007749,10,63231.59,67102.91,N/A,OPEN_ENTRY,96.8,90%_MICROSTRUCTURE_FUTURES,X: @elonmusk: [elonmusk] Market sentiment looking strong for BTC... | Tech: 95.0%,PAPER
2026-08-18T05:06:41.089070,B-BTC_USDT,futures,LONG,64508.81,0.007751,10,63218.63,67089.16,N/A,OPEN_ENTRY,96.8,90%_MICROSTRUCTURE_FUTURES,X: @elonmusk: [elonmusk] Market sentiment looking strong for BTC... | Tech: 95.0%,LIVE
2026-08-18T05:09:06.324675,B-BTC_USDT,futures,LONG,64508.82,0.007751,10,63218.64,67089.17,N/A,OPEN_ENTRY,96.8,90%_MICROSTRUCTURE_FUTURES,X: @elonmusk: [elonmusk] Market sentiment looking strong for BTC... | Tech: 95.0%,LIVE
2026-08-18T05:12:55.064190,B-BTC_USDT,futures,LONG,64480.76,0.015508,10,63191.14,67059.99,N/A,OPEN_ENTRY,96.8,90%_FUTURES_MAX_BRAIN,X: @elonmusk: [elonmusk] Market sentiment looking strong for BTC... | Tech: 95.0%,LIVE
2026-08-18T05:15:34.379285,B-BTC_USDT,futures,LONG,64476.42,0.01551,10,63186.89,67055.48,N/A,OPEN_ENTRY,96.8,90%_FUTURES_BTC_MAX_BRAIN,X: @elonmusk: [elonmusk] Market sentiment looking strong for BTC... | Tech: 95.0%,LIVE
2026-08-18T05:15:35.549259,B-ETH_USDT,futures,LONG,1912.57,0.05,10,1874.32,1989.07,N/A,OPEN_ENTRY,96.8,90%_FUTURES_ETH_MAX_BRAIN,X: @elonmusk: [elonmusk] Market sentiment looking strong for BTC... | Tech: 95.0%,LIVE
2026-08-18T05:15:36.716780,B-SOL_USDT,futures,LONG,75.95,0.05,5,74.43,78.99,N/A,OPEN_ENTRY,96.8,90%_FUTURES_SOL_MAX_BRAIN,X: @elonmusk: [elonmusk] Market sentiment looking strong for BTC... | Tech: 95.0%,LIVE
2026-08-18T05:15:37.918365,B-DOGE_USDT,futures,LONG,0.0704,0.05,5,0.07,0.07,N/A,OPEN_ENTRY,96.8,90%_FUTURES_DOGE_MAX_BRAIN,X: @elonmusk: [elonmusk] Market sentiment looking strong for BTC... | Tech: 95.0%,LIVE
2026-08-18T05:15:39.064229,B-XRP_USDT,futures,LONG,1.0034,0.05,5,0.98,1.04,N/A,OPEN_ENTRY,96.8,90%_FUTURES_XRP_MAX_BRAIN,X: @elonmusk: [elonmusk] Market sentiment looking strong for BTC... | Tech: 95.0%,LIVE
2026-08-18T05:38:34.956019,B-BTC_USDT,futures,LONG,64429.53,0.015521,10,63140.94,67006.71,N/A,OPEN_ENTRY,96.8,90%_FUTURES_BTC_MAX_BRAIN,X: @elonmusk: [elonmusk] Market sentiment looking strong for BTC... | Tech: 95.0%,PAPER
2026-08-18T05:38:36.030591,B-ETH_USDT,futures,LONG,1910.51,0.05,10,1872.3,1986.93,N/A,OPEN_ENTRY,96.8,90%_FUTURES_ETH_MAX_BRAIN,X: @elonmusk: [elonmusk] Market sentiment looking strong for BTC... | Tech: 95.0%,PAPER
2026-08-18T05:38:37.084235,B-SOL_USDT,futures,LONG,75.94,0.05,5,74.42,78.98,N/A,OPEN_ENTRY,96.8,90%_FUTURES_SOL_MAX_BRAIN,X: @elonmusk: [elonmusk] Market sentiment looking strong for BTC... | Tech: 95.0%,PAPER
2026-08-18T05:38:38.106548,B-DOGE_USDT,futures,LONG,0.07034,0.05,5,0.07,0.07,N/A,OPEN_ENTRY,96.8,90%_FUTURES_DOGE_MAX_BRAIN,X: @elonmusk: [elonmusk] Market sentiment looking strong for BTC... | Tech: 95.0%,PAPER
2026-08-18T05:38:39.183649,B-XRP_USDT,futures,LONG,1.0026,0.05,5,0.98,1.04,N/A,OPEN_ENTRY,96.8,90%_FUTURES_XRP_MAX_BRAIN,X: @elonmusk: [elonmusk] Market sentiment looking strong for BTC... | Tech: 95.0%,PAPER
2026-08-18T05:38:40.234868,B-ADA_USDT,futures,LONG,0.174,0.05,5,0.17,0.18,N/A,OPEN_ENTRY,96.8,90%_FUTURES_ADA_MAX_BRAIN,X: @elonmusk: [elonmusk] Market sentiment looking strong for BTC... | Tech: 95.0%,PAPER
